{
  "run_name": "all_ours",
  "category": "bottle+hazelnut+carpet",
  "config": {
    "run_name": "all_ours",
    "category": [
      "bottle",
      "hazelnut",
      "carpet"
    ],
    "backbone": "resnet50",
    "traditional_aug": true,
    "use_synthetic": true,
    "synthetic_root": "data/synthetic",
    "synthetic_n": "balance",
    "few_shot_n": null,
    "epochs": 30,
    "batch_size": 32,
    "lr": 0.0001
  },
  "device": "cuda",
  "epochs_run": 30,
  "best_val_auroc": 1.0,
  "threshold": 0.25509320572018623,
  "checkpoint": "experiments/checkpoints/all_ours.pt",
  "metrics": {
    "accuracy": 0.9944444444444445,
    "per_class": {
      "good": {
        "precision": 0.9931506849315068,
        "recall": 1.0,
        "f1": 0.9965635738831615,
        "support": 145
      },
      "defect": {
        "precision": 1.0,
        "recall": 0.9714285714285714,
        "f1": 0.9855072463768116,
        "support": 35
      }
    },
    "macro": {
      "precision": 0.9965753424657534,
      "recall": 0.9857142857142858,
      "f1": 0.9910354101299865
    },
    "auroc": 1.0
  },
  "metrics_at_0p5": {
    "accuracy": 0.9944444444444445,
    "per_class": {
      "good": {
        "precision": 0.9931506849315068,
        "recall": 1.0,
        "f1": 0.9965635738831615,
        "support": 145
      },
      "defect": {
        "precision": 1.0,
        "recall": 0.9714285714285714,
        "f1": 0.9855072463768116,
        "support": 35
      }
    },
    "macro": {
      "precision": 0.9965753424657534,
      "recall": 0.9857142857142858,
      "f1": 0.9910354101299865
    },
    "auroc": 1.0
  },
  "timestamp": "2026-06-11T22:44:12"
}