{
  "run_name": "bottle_baseline1__lodo_contamination",
  "category": "bottle",
  "config": {
    "run_name": "bottle_baseline1",
    "category": "bottle",
    "backbone": "resnet50",
    "traditional_aug": false,
    "use_synthetic": false,
    "few_shot_n": null,
    "epochs": 30,
    "batch_size": 32,
    "lr": 0.0001,
    "holdout_defect_type": "contamination"
  },
  "device": "cuda",
  "epochs_run": 30,
  "best_val_auroc": 1.0,
  "threshold": 0.4989244941389188,
  "checkpoint": "experiments/checkpoints/bottle_baseline1__lodo_contamination.pt",
  "metrics": {
    "accuracy": 0.5806451612903226,
    "per_class": {
      "good": {
        "precision": 0.43478260869565216,
        "recall": 1.0,
        "f1": 0.6060606060606061,
        "support": 10
      },
      "defect": {
        "precision": 1.0,
        "recall": 0.38095238095238093,
        "f1": 0.5517241379310345,
        "support": 21
      }
    },
    "macro": {
      "precision": 0.717391304347826,
      "recall": 0.6904761904761905,
      "f1": 0.5788923719958203
    },
    "auroc": 0.9952380952380953
  },
  "metrics_at_0p5": {
    "accuracy": 0.5806451612903226,
    "per_class": {
      "good": {
        "precision": 0.43478260869565216,
        "recall": 1.0,
        "f1": 0.6060606060606061,
        "support": 10
      },
      "defect": {
        "precision": 1.0,
        "recall": 0.38095238095238093,
        "f1": 0.5517241379310345,
        "support": 21
      }
    },
    "macro": {
      "precision": 0.717391304347826,
      "recall": 0.6904761904761905,
      "f1": 0.5788923719958203
    },
    "auroc": 0.9952380952380953
  },
  "timestamp": "2026-07-12T08:01:43"
}