{
  "run_name": "bottle_fewshot5",
  "category": "bottle",
  "config": {
    "run_name": "bottle_fewshot5",
    "category": "bottle",
    "backbone": "resnet50",
    "traditional_aug": true,
    "use_synthetic": false,
    "few_shot_n": 5,
    "epochs": 30,
    "batch_size": 32,
    "lr": 0.0001
  },
  "device": "cuda",
  "epochs_run": 30,
  "best_val_auroc": 1.0,
  "threshold": 0.0648677907884121,
  "checkpoint": "experiments/checkpoints/bottle_fewshot5.pt",
  "metrics": {
    "accuracy": 0.9777777777777777,
    "per_class": {
      "good": {
        "precision": 0.9722222222222222,
        "recall": 1.0,
        "f1": 0.9859154929577465,
        "support": 35
      },
      "defect": {
        "precision": 1.0,
        "recall": 0.9,
        "f1": 0.9473684210526315,
        "support": 10
      }
    },
    "macro": {
      "precision": 0.9861111111111112,
      "recall": 0.95,
      "f1": 0.966641957005189
    },
    "auroc": 1.0
  },
  "metrics_at_0p5": {
    "accuracy": 0.9777777777777777,
    "per_class": {
      "good": {
        "precision": 0.9722222222222222,
        "recall": 1.0,
        "f1": 0.9859154929577465,
        "support": 35
      },
      "defect": {
        "precision": 1.0,
        "recall": 0.9,
        "f1": 0.9473684210526315,
        "support": 10
      }
    },
    "macro": {
      "precision": 0.9861111111111112,
      "recall": 0.95,
      "f1": 0.966641957005189
    },
    "auroc": 1.0
  },
  "timestamp": "2026-06-11T16:50:36"
}