{
  "run_name": "bottle_baseline1__lodo_broken_small",
  "category": "bottle",
  "config": {
    "run_name": "bottle_baseline1",
    "category": "bottle",
    "backbone": "resnet50",
    "traditional_aug": false,
    "use_synthetic": false,
    "few_shot_n": null,
    "epochs": 30,
    "batch_size": 32,
    "lr": 0.0001,
    "holdout_defect_type": "broken_small"
  },
  "device": "cuda",
  "epochs_run": 30,
  "best_val_auroc": 1.0,
  "threshold": 0.004095965065062046,
  "checkpoint": "experiments/checkpoints/bottle_baseline1__lodo_broken_small.pt",
  "metrics": {
    "accuracy": 0.9375,
    "per_class": {
      "good": {
        "precision": 0.8333333333333334,
        "recall": 1.0,
        "f1": 0.9090909090909091,
        "support": 10
      },
      "defect": {
        "precision": 1.0,
        "recall": 0.9090909090909091,
        "f1": 0.9523809523809523,
        "support": 22
      }
    },
    "macro": {
      "precision": 0.9166666666666667,
      "recall": 0.9545454545454546,
      "f1": 0.9307359307359306
    },
    "auroc": 0.990909090909091
  },
  "metrics_at_0p5": {
    "accuracy": 0.875,
    "per_class": {
      "good": {
        "precision": 0.7142857142857143,
        "recall": 1.0,
        "f1": 0.8333333333333334,
        "support": 10
      },
      "defect": {
        "precision": 1.0,
        "recall": 0.8181818181818182,
        "f1": 0.9,
        "support": 22
      }
    },
    "macro": {
      "precision": 0.8571428571428572,
      "recall": 0.9090909090909092,
      "f1": 0.8666666666666667
    },
    "auroc": 0.990909090909091
  },
  "timestamp": "2026-07-12T07:54:14"
}