{
  "run_name": "carpet_baseline2__lodo_thread",
  "category": "carpet",
  "config": {
    "run_name": "carpet_baseline2",
    "category": "carpet",
    "backbone": "resnet50",
    "traditional_aug": true,
    "use_synthetic": false,
    "few_shot_n": null,
    "epochs": 30,
    "batch_size": 32,
    "lr": 0.0001,
    "holdout_defect_type": "thread"
  },
  "device": "cuda",
  "epochs_run": 30,
  "best_val_auroc": 0.8134920634920636,
  "threshold": 0.9561960101127625,
  "checkpoint": "experiments/checkpoints/carpet_baseline2__lodo_thread.pt",
  "metrics": {
    "accuracy": 0.18181818181818182,
    "per_class": {
      "good": {
        "precision": 0.15789473684210525,
        "recall": 0.21428571428571427,
        "f1": 0.18181818181818182,
        "support": 14
      },
      "defect": {
        "precision": 0.21428571428571427,
        "recall": 0.15789473684210525,
        "f1": 0.18181818181818182,
        "support": 19
      }
    },
    "macro": {
      "precision": 0.18609022556390975,
      "recall": 0.18609022556390975,
      "f1": 0.18181818181818182
    },
    "auroc": 0.14661654135338345
  },
  "metrics_at_0p5": {
    "accuracy": 0.45454545454545453,
    "per_class": {
      "good": {
        "precision": 0.0,
        "recall": 0.0,
        "f1": 0.0,
        "support": 14
      },
      "defect": {
        "precision": 0.5172413793103449,
        "recall": 0.7894736842105263,
        "f1": 0.625,
        "support": 19
      }
    },
    "macro": {
      "precision": 0.25862068965517243,
      "recall": 0.39473684210526316,
      "f1": 0.3125
    },
    "auroc": 0.14661654135338345
  },
  "timestamp": "2026-07-12T10:29:27"
}