{
  "run_name": "carpet_baseline1",
  "category": "carpet",
  "config": {
    "run_name": "carpet_baseline1",
    "category": "carpet",
    "backbone": "resnet50",
    "traditional_aug": false,
    "use_synthetic": false,
    "few_shot_n": null,
    "epochs": 30,
    "batch_size": 32,
    "lr": 0.0001
  },
  "device": "cuda",
  "epochs_run": 30,
  "best_val_auroc": 0.9665551839464883,
  "threshold": 0.5083089023828506,
  "checkpoint": "experiments/checkpoints/carpet_baseline1.pt",
  "metrics": {
    "accuracy": 0.9166666666666666,
    "per_class": {
      "good": {
        "precision": 0.9555555555555556,
        "recall": 0.9347826086956522,
        "f1": 0.945054945054945,
        "support": 46
      },
      "defect": {
        "precision": 0.8,
        "recall": 0.8571428571428571,
        "f1": 0.8275862068965517,
        "support": 14
      }
    },
    "macro": {
      "precision": 0.8777777777777778,
      "recall": 0.8959627329192547,
      "f1": 0.8863205759757484
    },
    "auroc": 0.922360248447205
  },
  "metrics_at_0p5": {
    "accuracy": 0.9166666666666666,
    "per_class": {
      "good": {
        "precision": 0.9555555555555556,
        "recall": 0.9347826086956522,
        "f1": 0.945054945054945,
        "support": 46
      },
      "defect": {
        "precision": 0.8,
        "recall": 0.8571428571428571,
        "f1": 0.8275862068965517,
        "support": 14
      }
    },
    "macro": {
      "precision": 0.8777777777777778,
      "recall": 0.8959627329192547,
      "f1": 0.8863205759757484
    },
    "auroc": 0.922360248447205
  },
  "timestamp": "2026-06-11T17:38:49"
}