{
  "run_name": "carpet_baseline1__lodo_cut",
  "category": "carpet",
  "config": {
    "run_name": "carpet_baseline1",
    "category": "carpet",
    "backbone": "resnet50",
    "traditional_aug": false,
    "use_synthetic": false,
    "few_shot_n": null,
    "epochs": 30,
    "batch_size": 32,
    "lr": 0.0001,
    "holdout_defect_type": "cut"
  },
  "device": "cuda",
  "epochs_run": 30,
  "best_val_auroc": 0.8333333333333333,
  "threshold": 0.9970602691173553,
  "checkpoint": "experiments/checkpoints/carpet_baseline1__lodo_cut.pt",
  "metrics": {
    "accuracy": 0.8709677419354839,
    "per_class": {
      "good": {
        "precision": 0.8571428571428571,
        "recall": 0.8571428571428571,
        "f1": 0.8571428571428571,
        "support": 14
      },
      "defect": {
        "precision": 0.8823529411764706,
        "recall": 0.8823529411764706,
        "f1": 0.8823529411764706,
        "support": 17
      }
    },
    "macro": {
      "precision": 0.8697478991596639,
      "recall": 0.8697478991596639,
      "f1": 0.8697478991596639
    },
    "auroc": 0.9411764705882354
  },
  "metrics_at_0p5": {
    "accuracy": 0.5483870967741935,
    "per_class": {
      "good": {
        "precision": 0.0,
        "recall": 0.0,
        "f1": 0.0,
        "support": 14
      },
      "defect": {
        "precision": 0.5483870967741935,
        "recall": 1.0,
        "f1": 0.7083333333333334,
        "support": 17
      }
    },
    "macro": {
      "precision": 0.27419354838709675,
      "recall": 0.5,
      "f1": 0.3541666666666667
    },
    "auroc": 0.9411764705882354
  },
  "timestamp": "2026-07-12T09:40:51"
}