{
  "run_name": "carpet_baseline2__lodo_hole",
  "category": "carpet",
  "config": {
    "run_name": "carpet_baseline2",
    "category": "carpet",
    "backbone": "resnet50",
    "traditional_aug": true,
    "use_synthetic": false,
    "few_shot_n": null,
    "epochs": 30,
    "batch_size": 32,
    "lr": 0.0001,
    "holdout_defect_type": "hole"
  },
  "device": "cuda",
  "epochs_run": 30,
  "best_val_auroc": 0.7976190476190476,
  "threshold": 0.9980601668357849,
  "checkpoint": "experiments/checkpoints/carpet_baseline2__lodo_hole.pt",
  "metrics": {
    "accuracy": 0.7096774193548387,
    "per_class": {
      "good": {
        "precision": 0.6470588235294118,
        "recall": 0.7857142857142857,
        "f1": 0.7096774193548387,
        "support": 14
      },
      "defect": {
        "precision": 0.7857142857142857,
        "recall": 0.6470588235294118,
        "f1": 0.7096774193548387,
        "support": 17
      }
    },
    "macro": {
      "precision": 0.7163865546218487,
      "recall": 0.7163865546218487,
      "f1": 0.7096774193548387
    },
    "auroc": 0.8109243697478992
  },
  "metrics_at_0p5": {
    "accuracy": 0.5483870967741935,
    "per_class": {
      "good": {
        "precision": 0.0,
        "recall": 0.0,
        "f1": 0.0,
        "support": 14
      },
      "defect": {
        "precision": 0.5483870967741935,
        "recall": 1.0,
        "f1": 0.7083333333333334,
        "support": 17
      }
    },
    "macro": {
      "precision": 0.27419354838709675,
      "recall": 0.5,
      "f1": 0.3541666666666667
    },
    "auroc": 0.8109243697478992
  },
  "timestamp": "2026-07-12T10:00:45"
}