{
  "run_name": "carpet_ours__lodo_color",
  "category": "carpet",
  "config": {
    "run_name": "carpet_ours",
    "category": "carpet",
    "backbone": "resnet50",
    "traditional_aug": true,
    "use_synthetic": true,
    "synthetic_dir": "data/synthetic/carpet",
    "synthetic_n": "balance",
    "few_shot_n": null,
    "epochs": 30,
    "batch_size": 32,
    "lr": 0.0001,
    "holdout_defect_type": "color"
  },
  "device": "cuda",
  "epochs_run": 30,
  "best_val_auroc": 0.8690476190476191,
  "threshold": 0.9480022490024567,
  "checkpoint": "experiments/checkpoints/carpet_ours__lodo_color.pt",
  "metrics": {
    "accuracy": 0.6060606060606061,
    "per_class": {
      "good": {
        "precision": 0.5454545454545454,
        "recall": 0.42857142857142855,
        "f1": 0.48,
        "support": 14
      },
      "defect": {
        "precision": 0.6363636363636364,
        "recall": 0.7368421052631579,
        "f1": 0.6829268292682927,
        "support": 19
      }
    },
    "macro": {
      "precision": 0.5909090909090908,
      "recall": 0.5827067669172932,
      "f1": 0.5814634146341464
    },
    "auroc": 0.6015037593984962
  },
  "metrics_at_0p5": {
    "accuracy": 0.5757575757575758,
    "per_class": {
      "good": {
        "precision": 0.0,
        "recall": 0.0,
        "f1": 0.0,
        "support": 14
      },
      "defect": {
        "precision": 0.5757575757575758,
        "recall": 1.0,
        "f1": 0.7307692307692307,
        "support": 19
      }
    },
    "macro": {
      "precision": 0.2878787878787879,
      "recall": 0.5,
      "f1": 0.36538461538461536
    },
    "auroc": 0.6015037593984962
  },
  "timestamp": "2026-07-12T09:36:19"
}