{
  "run_name": "carpet_ours__lodo_hole",
  "category": "carpet",
  "config": {
    "run_name": "carpet_ours",
    "category": "carpet",
    "backbone": "resnet50",
    "traditional_aug": true,
    "use_synthetic": true,
    "synthetic_dir": "data/synthetic/carpet",
    "synthetic_n": "balance",
    "few_shot_n": null,
    "epochs": 30,
    "batch_size": 32,
    "lr": 0.0001,
    "holdout_defect_type": "hole"
  },
  "device": "cuda",
  "epochs_run": 30,
  "best_val_auroc": 0.75,
  "threshold": 0.999909520149231,
  "checkpoint": "experiments/checkpoints/carpet_ours__lodo_hole.pt",
  "metrics": {
    "accuracy": 0.7419354838709677,
    "per_class": {
      "good": {
        "precision": 0.6875,
        "recall": 0.7857142857142857,
        "f1": 0.7333333333333333,
        "support": 14
      },
      "defect": {
        "precision": 0.8,
        "recall": 0.7058823529411765,
        "f1": 0.75,
        "support": 17
      }
    },
    "macro": {
      "precision": 0.74375,
      "recall": 0.7457983193277311,
      "f1": 0.7416666666666667
    },
    "auroc": 0.907563025210084
  },
  "metrics_at_0p5": {
    "accuracy": 0.5483870967741935,
    "per_class": {
      "good": {
        "precision": 0.0,
        "recall": 0.0,
        "f1": 0.0,
        "support": 14
      },
      "defect": {
        "precision": 0.5483870967741935,
        "recall": 1.0,
        "f1": 0.7083333333333334,
        "support": 17
      }
    },
    "macro": {
      "precision": 0.27419354838709675,
      "recall": 0.5,
      "f1": 0.3541666666666667
    },
    "auroc": 0.907563025210084
  },
  "timestamp": "2026-07-12T10:06:16"
}