{
  "run_name": "carpet_baseline2__lodo_metal_contamination",
  "category": "carpet",
  "config": {
    "run_name": "carpet_baseline2",
    "category": "carpet",
    "backbone": "resnet50",
    "traditional_aug": true,
    "use_synthetic": false,
    "few_shot_n": null,
    "epochs": 30,
    "batch_size": 32,
    "lr": 0.0001,
    "holdout_defect_type": "metal_contamination"
  },
  "device": "cuda",
  "epochs_run": 30,
  "best_val_auroc": 0.8650793650793651,
  "threshold": 0.9990730285644531,
  "checkpoint": "experiments/checkpoints/carpet_baseline2__lodo_metal_contamination.pt",
  "metrics": {
    "accuracy": 0.5806451612903226,
    "per_class": {
      "good": {
        "precision": 0.5263157894736842,
        "recall": 0.7142857142857143,
        "f1": 0.6060606060606061,
        "support": 14
      },
      "defect": {
        "precision": 0.6666666666666666,
        "recall": 0.47058823529411764,
        "f1": 0.5517241379310345,
        "support": 17
      }
    },
    "macro": {
      "precision": 0.5964912280701754,
      "recall": 0.592436974789916,
      "f1": 0.5788923719958203
    },
    "auroc": 0.676470588235294
  },
  "metrics_at_0p5": {
    "accuracy": 0.5483870967741935,
    "per_class": {
      "good": {
        "precision": 0.0,
        "recall": 0.0,
        "f1": 0.0,
        "support": 14
      },
      "defect": {
        "precision": 0.5483870967741935,
        "recall": 1.0,
        "f1": 0.7083333333333334,
        "support": 17
      }
    },
    "macro": {
      "precision": 0.27419354838709675,
      "recall": 0.5,
      "f1": 0.3541666666666667
    },
    "auroc": 0.676470588235294
  },
  "timestamp": "2026-07-12T10:15:10"
}