{
  "run_name": "carpet_baseline1__lodo_color",
  "category": "carpet",
  "config": {
    "run_name": "carpet_baseline1",
    "category": "carpet",
    "backbone": "resnet50",
    "traditional_aug": false,
    "use_synthetic": false,
    "few_shot_n": null,
    "epochs": 30,
    "batch_size": 32,
    "lr": 0.0001,
    "holdout_defect_type": "color"
  },
  "device": "cuda",
  "epochs_run": 30,
  "best_val_auroc": 0.5634920634920635,
  "threshold": 0.36030204431915286,
  "checkpoint": "experiments/checkpoints/carpet_baseline1__lodo_color.pt",
  "metrics": {
    "accuracy": 0.5757575757575758,
    "per_class": {
      "good": {
        "precision": 0.0,
        "recall": 0.0,
        "f1": 0.0,
        "support": 14
      },
      "defect": {
        "precision": 0.5757575757575758,
        "recall": 1.0,
        "f1": 0.7307692307692307,
        "support": 19
      }
    },
    "macro": {
      "precision": 0.2878787878787879,
      "recall": 0.5,
      "f1": 0.36538461538461536
    },
    "auroc": 0.462406015037594
  },
  "metrics_at_0p5": {
    "accuracy": 0.42424242424242425,
    "per_class": {
      "good": {
        "precision": 0.42424242424242425,
        "recall": 1.0,
        "f1": 0.5957446808510638,
        "support": 14
      },
      "defect": {
        "precision": 0.0,
        "recall": 0.0,
        "f1": 0.0,
        "support": 19
      }
    },
    "macro": {
      "precision": 0.21212121212121213,
      "recall": 0.5,
      "f1": 0.2978723404255319
    },
    "auroc": 0.462406015037594
  },
  "timestamp": "2026-07-12T09:26:00"
}