{
  "run_name": "carpet_baseline1__lodo_thread",
  "category": "carpet",
  "config": {
    "run_name": "carpet_baseline1",
    "category": "carpet",
    "backbone": "resnet50",
    "traditional_aug": false,
    "use_synthetic": false,
    "few_shot_n": null,
    "epochs": 30,
    "batch_size": 32,
    "lr": 0.0001,
    "holdout_defect_type": "thread"
  },
  "device": "cuda",
  "epochs_run": 30,
  "best_val_auroc": 0.6944444444444444,
  "threshold": 0.6118208467960358,
  "checkpoint": "experiments/checkpoints/carpet_baseline1__lodo_thread.pt",
  "metrics": {
    "accuracy": 0.30303030303030304,
    "per_class": {
      "good": {
        "precision": 0.09090909090909091,
        "recall": 0.07142857142857142,
        "f1": 0.08,
        "support": 14
      },
      "defect": {
        "precision": 0.4090909090909091,
        "recall": 0.47368421052631576,
        "f1": 0.43902439024390244,
        "support": 19
      }
    },
    "macro": {
      "precision": 0.25,
      "recall": 0.2725563909774436,
      "f1": 0.25951219512195123
    },
    "auroc": 0.21052631578947367
  },
  "metrics_at_0p5": {
    "accuracy": 0.42424242424242425,
    "per_class": {
      "good": {
        "precision": 0.0,
        "recall": 0.0,
        "f1": 0.0,
        "support": 14
      },
      "defect": {
        "precision": 0.5,
        "recall": 0.7368421052631579,
        "f1": 0.5957446808510638,
        "support": 19
      }
    },
    "macro": {
      "precision": 0.25,
      "recall": 0.3684210526315789,
      "f1": 0.2978723404255319
    },
    "auroc": 0.21052631578947367
  },
  "timestamp": "2026-07-12T10:24:57"
}