{
  "run_name": "hazelnut_baseline1__lodo_cut",
  "category": "hazelnut",
  "config": {
    "run_name": "hazelnut_baseline1",
    "category": "hazelnut",
    "backbone": "resnet50",
    "traditional_aug": false,
    "use_synthetic": false,
    "few_shot_n": null,
    "epochs": 30,
    "batch_size": 32,
    "lr": 0.0001,
    "holdout_defect_type": "cut"
  },
  "device": "cuda",
  "epochs_run": 30,
  "best_val_auroc": 1.0,
  "threshold": 0.35516959615051746,
  "checkpoint": "experiments/checkpoints/hazelnut_baseline1__lodo_cut.pt",
  "metrics": {
    "accuracy": 0.7837837837837838,
    "per_class": {
      "good": {
        "precision": 0.7142857142857143,
        "recall": 1.0,
        "f1": 0.8333333333333334,
        "support": 20
      },
      "defect": {
        "precision": 1.0,
        "recall": 0.5294117647058824,
        "f1": 0.6923076923076923,
        "support": 17
      }
    },
    "macro": {
      "precision": 0.8571428571428572,
      "recall": 0.7647058823529411,
      "f1": 0.7628205128205128
    },
    "auroc": 0.9941176470588234
  },
  "metrics_at_0p5": {
    "accuracy": 0.7567567567567568,
    "per_class": {
      "good": {
        "precision": 0.6896551724137931,
        "recall": 1.0,
        "f1": 0.8163265306122449,
        "support": 20
      },
      "defect": {
        "precision": 1.0,
        "recall": 0.47058823529411764,
        "f1": 0.64,
        "support": 17
      }
    },
    "macro": {
      "precision": 0.8448275862068966,
      "recall": 0.7352941176470589,
      "f1": 0.7281632653061225
    },
    "auroc": 0.9941176470588234
  },
  "timestamp": "2026-07-12T08:31:50"
}