{
  "run_name": "hazelnut_baseline1",
  "category": "hazelnut",
  "config": {
    "run_name": "hazelnut_baseline1",
    "category": "hazelnut",
    "backbone": "resnet50",
    "traditional_aug": false,
    "use_synthetic": false,
    "few_shot_n": null,
    "epochs": 30,
    "batch_size": 32,
    "lr": 0.0001
  },
  "device": "cuda",
  "epochs_run": 30,
  "best_val_auroc": 1.0,
  "threshold": 0.318968104198575,
  "checkpoint": "experiments/checkpoints/hazelnut_baseline1.pt",
  "metrics": {
    "accuracy": 0.9866666666666667,
    "per_class": {
      "good": {
        "precision": 0.9846153846153847,
        "recall": 1.0,
        "f1": 0.9922480620155039,
        "support": 64
      },
      "defect": {
        "precision": 1.0,
        "recall": 0.9090909090909091,
        "f1": 0.9523809523809523,
        "support": 11
      }
    },
    "macro": {
      "precision": 0.9923076923076923,
      "recall": 0.9545454545454546,
      "f1": 0.9723145071982281
    },
    "auroc": 1.0
  },
  "metrics_at_0p5": {
    "accuracy": 0.9866666666666667,
    "per_class": {
      "good": {
        "precision": 0.9846153846153847,
        "recall": 1.0,
        "f1": 0.9922480620155039,
        "support": 64
      },
      "defect": {
        "precision": 1.0,
        "recall": 0.9090909090909091,
        "f1": 0.9523809523809523,
        "support": 11
      }
    },
    "macro": {
      "precision": 0.9923076923076923,
      "recall": 0.9545454545454546,
      "f1": 0.9723145071982281
    },
    "auroc": 1.0
  },
  "timestamp": "2026-06-11T17:15:08"
}