{
  "run_name": "hazelnut_ours__lodo_hole",
  "category": "hazelnut",
  "config": {
    "run_name": "hazelnut_ours",
    "category": "hazelnut",
    "backbone": "resnet50",
    "traditional_aug": true,
    "use_synthetic": true,
    "synthetic_dir": "data/synthetic/hazelnut",
    "synthetic_n": "balance",
    "few_shot_n": null,
    "epochs": 30,
    "batch_size": 32,
    "lr": 0.0001,
    "holdout_defect_type": "hole"
  },
  "device": "cuda",
  "epochs_run": 30,
  "best_val_auroc": 1.0,
  "threshold": 0.09456643101293594,
  "checkpoint": "experiments/checkpoints/hazelnut_ours__lodo_hole.pt",
  "metrics": {
    "accuracy": 0.8947368421052632,
    "per_class": {
      "good": {
        "precision": 0.8333333333333334,
        "recall": 1.0,
        "f1": 0.9090909090909091,
        "support": 20
      },
      "defect": {
        "precision": 1.0,
        "recall": 0.7777777777777778,
        "f1": 0.875,
        "support": 18
      }
    },
    "macro": {
      "precision": 0.9166666666666667,
      "recall": 0.8888888888888888,
      "f1": 0.8920454545454546
    },
    "auroc": 1.0
  },
  "metrics_at_0p5": {
    "accuracy": 0.8421052631578947,
    "per_class": {
      "good": {
        "precision": 0.7692307692307693,
        "recall": 1.0,
        "f1": 0.8695652173913043,
        "support": 20
      },
      "defect": {
        "precision": 1.0,
        "recall": 0.6666666666666666,
        "f1": 0.8,
        "support": 18
      }
    },
    "macro": {
      "precision": 0.8846153846153846,
      "recall": 0.8333333333333333,
      "f1": 0.8347826086956522
    },
    "auroc": 1.0
  },
  "timestamp": "2026-07-12T09:03:19"
}