{
  "run_name": "hazelnut_baseline2__lodo_cut",
  "category": "hazelnut",
  "config": {
    "run_name": "hazelnut_baseline2",
    "category": "hazelnut",
    "backbone": "resnet50",
    "traditional_aug": true,
    "use_synthetic": false,
    "few_shot_n": null,
    "epochs": 30,
    "batch_size": 32,
    "lr": 0.0001,
    "holdout_defect_type": "cut"
  },
  "device": "cuda",
  "epochs_run": 30,
  "best_val_auroc": 1.0,
  "threshold": 0.5011848146095872,
  "checkpoint": "experiments/checkpoints/hazelnut_baseline2__lodo_cut.pt",
  "metrics": {
    "accuracy": 0.9459459459459459,
    "per_class": {
      "good": {
        "precision": 0.9090909090909091,
        "recall": 1.0,
        "f1": 0.9523809523809523,
        "support": 20
      },
      "defect": {
        "precision": 1.0,
        "recall": 0.8823529411764706,
        "f1": 0.9375,
        "support": 17
      }
    },
    "macro": {
      "precision": 0.9545454545454546,
      "recall": 0.9411764705882353,
      "f1": 0.9449404761904762
    },
    "auroc": 1.0
  },
  "metrics_at_0p5": {
    "accuracy": 0.9459459459459459,
    "per_class": {
      "good": {
        "precision": 0.9090909090909091,
        "recall": 1.0,
        "f1": 0.9523809523809523,
        "support": 20
      },
      "defect": {
        "precision": 1.0,
        "recall": 0.8823529411764706,
        "f1": 0.9375,
        "support": 17
      }
    },
    "macro": {
      "precision": 0.9545454545454546,
      "recall": 0.9411764705882353,
      "f1": 0.9449404761904762
    },
    "auroc": 1.0
  },
  "timestamp": "2026-07-12T08:37:51"
}