{
  "run_name": "hazelnut_baseline2__lodo_print",
  "category": "hazelnut",
  "config": {
    "run_name": "hazelnut_baseline2",
    "category": "hazelnut",
    "backbone": "resnet50",
    "traditional_aug": true,
    "use_synthetic": false,
    "few_shot_n": null,
    "epochs": 30,
    "batch_size": 32,
    "lr": 0.0001,
    "holdout_defect_type": "print"
  },
  "device": "cuda",
  "epochs_run": 30,
  "best_val_auroc": 1.0,
  "threshold": 0.47192569682374597,
  "checkpoint": "experiments/checkpoints/hazelnut_baseline2__lodo_print.pt",
  "metrics": {
    "accuracy": 0.7297297297297297,
    "per_class": {
      "good": {
        "precision": 0.6666666666666666,
        "recall": 1.0,
        "f1": 0.8,
        "support": 20
      },
      "defect": {
        "precision": 1.0,
        "recall": 0.4117647058823529,
        "f1": 0.5833333333333334,
        "support": 17
      }
    },
    "macro": {
      "precision": 0.8333333333333333,
      "recall": 0.7058823529411764,
      "f1": 0.6916666666666667
    },
    "auroc": 0.9882352941176471
  },
  "metrics_at_0p5": {
    "accuracy": 0.7297297297297297,
    "per_class": {
      "good": {
        "precision": 0.6666666666666666,
        "recall": 1.0,
        "f1": 0.8,
        "support": 20
      },
      "defect": {
        "precision": 1.0,
        "recall": 0.4117647058823529,
        "f1": 0.5833333333333334,
        "support": 17
      }
    },
    "macro": {
      "precision": 0.8333333333333333,
      "recall": 0.7058823529411764,
      "f1": 0.6916666666666667
    },
    "auroc": 0.9882352941176471
  },
  "timestamp": "2026-07-12T09:14:23"
}