{
  "run_name": "hazelnut_baseline1__lodo_print",
  "category": "hazelnut",
  "config": {
    "run_name": "hazelnut_baseline1",
    "category": "hazelnut",
    "backbone": "resnet50",
    "traditional_aug": false,
    "use_synthetic": false,
    "few_shot_n": null,
    "epochs": 30,
    "batch_size": 32,
    "lr": 0.0001,
    "holdout_defect_type": "print"
  },
  "device": "cuda",
  "epochs_run": 30,
  "best_val_auroc": 1.0,
  "threshold": 0.2908111270517111,
  "checkpoint": "experiments/checkpoints/hazelnut_baseline1__lodo_print.pt",
  "metrics": {
    "accuracy": 0.6486486486486487,
    "per_class": {
      "good": {
        "precision": 0.6060606060606061,
        "recall": 1.0,
        "f1": 0.7547169811320755,
        "support": 20
      },
      "defect": {
        "precision": 1.0,
        "recall": 0.23529411764705882,
        "f1": 0.38095238095238093,
        "support": 17
      }
    },
    "macro": {
      "precision": 0.803030303030303,
      "recall": 0.6176470588235294,
      "f1": 0.5678346810422282
    },
    "auroc": 0.388235294117647
  },
  "metrics_at_0p5": {
    "accuracy": 0.6216216216216216,
    "per_class": {
      "good": {
        "precision": 0.5882352941176471,
        "recall": 1.0,
        "f1": 0.7407407407407407,
        "support": 20
      },
      "defect": {
        "precision": 1.0,
        "recall": 0.17647058823529413,
        "f1": 0.3,
        "support": 17
      }
    },
    "macro": {
      "precision": 0.7941176470588236,
      "recall": 0.5882352941176471,
      "f1": 0.5203703703703704
    },
    "auroc": 0.388235294117647
  },
  "timestamp": "2026-07-12T09:08:46"
}