{
  "run_name": "metal_nut_baseline1__lodo_bent",
  "category": "metal_nut",
  "config": {
    "run_name": "metal_nut_baseline1",
    "category": "metal_nut",
    "backbone": "resnet50",
    "traditional_aug": false,
    "use_synthetic": false,
    "few_shot_n": null,
    "epochs": 30,
    "batch_size": 32,
    "lr": 0.0001,
    "holdout_defect_type": "bent"
  },
  "device": "cuda",
  "epochs_run": 30,
  "best_val_auroc": 1.0,
  "threshold": 0.07634683744981885,
  "checkpoint": "experiments/checkpoints/metal_nut_baseline1__lodo_bent.pt",
  "metrics": {
    "accuracy": 0.6944444444444444,
    "per_class": {
      "good": {
        "precision": 0.5,
        "recall": 1.0,
        "f1": 0.6666666666666666,
        "support": 11
      },
      "defect": {
        "precision": 1.0,
        "recall": 0.56,
        "f1": 0.717948717948718,
        "support": 25
      }
    },
    "macro": {
      "precision": 0.75,
      "recall": 0.78,
      "f1": 0.6923076923076923
    },
    "auroc": 0.9454545454545454
  },
  "metrics_at_0p5": {
    "accuracy": 0.4722222222222222,
    "per_class": {
      "good": {
        "precision": 0.36666666666666664,
        "recall": 1.0,
        "f1": 0.5365853658536586,
        "support": 11
      },
      "defect": {
        "precision": 1.0,
        "recall": 0.24,
        "f1": 0.3870967741935484,
        "support": 25
      }
    },
    "macro": {
      "precision": 0.6833333333333333,
      "recall": 0.62,
      "f1": 0.4618410700236035
    },
    "auroc": 0.9454545454545454
  },
  "timestamp": "2026-07-12T10:36:40"
}