{
  "run_name": "metal_nut_ours__lodo_bent",
  "category": "metal_nut",
  "config": {
    "run_name": "metal_nut_ours",
    "category": "metal_nut",
    "backbone": "resnet50",
    "traditional_aug": true,
    "use_synthetic": true,
    "synthetic_dir": "data/synthetic/metal_nut",
    "synthetic_n": "balance",
    "few_shot_n": null,
    "epochs": 30,
    "batch_size": 32,
    "lr": 0.0001,
    "holdout_defect_type": "bent"
  },
  "device": "cuda",
  "epochs_run": 30,
  "best_val_auroc": 1.0,
  "threshold": 0.0012354980426607653,
  "checkpoint": "experiments/checkpoints/metal_nut_ours__lodo_bent.pt",
  "metrics": {
    "accuracy": 0.8888888888888888,
    "per_class": {
      "good": {
        "precision": 0.7333333333333333,
        "recall": 1.0,
        "f1": 0.8461538461538461,
        "support": 11
      },
      "defect": {
        "precision": 1.0,
        "recall": 0.84,
        "f1": 0.9130434782608695,
        "support": 25
      }
    },
    "macro": {
      "precision": 0.8666666666666667,
      "recall": 0.9199999999999999,
      "f1": 0.8795986622073578
    },
    "auroc": 0.9527272727272728
  },
  "metrics_at_0p5": {
    "accuracy": 0.4444444444444444,
    "per_class": {
      "good": {
        "precision": 0.3548387096774194,
        "recall": 1.0,
        "f1": 0.5238095238095238,
        "support": 11
      },
      "defect": {
        "precision": 1.0,
        "recall": 0.2,
        "f1": 0.3333333333333333,
        "support": 25
      }
    },
    "macro": {
      "precision": 0.6774193548387097,
      "recall": 0.6,
      "f1": 0.4285714285714286
    },
    "auroc": 0.9527272727272728
  },
  "timestamp": "2026-07-12T10:41:10"
}