{
  "run_name": "metal_nut_ours__lodo_color",
  "category": "metal_nut",
  "config": {
    "run_name": "metal_nut_ours",
    "category": "metal_nut",
    "backbone": "resnet50",
    "traditional_aug": true,
    "use_synthetic": true,
    "synthetic_dir": "data/synthetic/metal_nut",
    "synthetic_n": "balance",
    "few_shot_n": null,
    "epochs": 30,
    "batch_size": 32,
    "lr": 0.0001,
    "holdout_defect_type": "color"
  },
  "device": "cuda",
  "epochs_run": 30,
  "best_val_auroc": 1.0,
  "threshold": 0.42009341586708615,
  "checkpoint": "experiments/checkpoints/metal_nut_ours__lodo_color.pt",
  "metrics": {
    "accuracy": 0.5151515151515151,
    "per_class": {
      "good": {
        "precision": 0.4074074074074074,
        "recall": 1.0,
        "f1": 0.5789473684210527,
        "support": 11
      },
      "defect": {
        "precision": 1.0,
        "recall": 0.2727272727272727,
        "f1": 0.42857142857142855,
        "support": 22
      }
    },
    "macro": {
      "precision": 0.7037037037037037,
      "recall": 0.6363636363636364,
      "f1": 0.5037593984962406
    },
    "auroc": 0.8925619834710743
  },
  "metrics_at_0p5": {
    "accuracy": 0.5151515151515151,
    "per_class": {
      "good": {
        "precision": 0.4074074074074074,
        "recall": 1.0,
        "f1": 0.5789473684210527,
        "support": 11
      },
      "defect": {
        "precision": 1.0,
        "recall": 0.2727272727272727,
        "f1": 0.42857142857142855,
        "support": 22
      }
    },
    "macro": {
      "precision": 0.7037037037037037,
      "recall": 0.6363636363636364,
      "f1": 0.5037593984962406
    },
    "auroc": 0.8925619834710743
  },
  "timestamp": "2026-07-12T10:47:29"
}