{
  "run_name": "metal_nut_baseline2__lodo_color",
  "category": "metal_nut",
  "config": {
    "run_name": "metal_nut_baseline2",
    "category": "metal_nut",
    "backbone": "resnet50",
    "traditional_aug": true,
    "use_synthetic": false,
    "few_shot_n": null,
    "epochs": 30,
    "batch_size": 32,
    "lr": 0.0001,
    "holdout_defect_type": "color"
  },
  "device": "cuda",
  "epochs_run": 30,
  "best_val_auroc": 1.0,
  "threshold": 0.5003325264842715,
  "checkpoint": "experiments/checkpoints/metal_nut_baseline2__lodo_color.pt",
  "metrics": {
    "accuracy": 0.6363636363636364,
    "per_class": {
      "good": {
        "precision": 0.4782608695652174,
        "recall": 1.0,
        "f1": 0.6470588235294118,
        "support": 11
      },
      "defect": {
        "precision": 1.0,
        "recall": 0.45454545454545453,
        "f1": 0.625,
        "support": 22
      }
    },
    "macro": {
      "precision": 0.7391304347826086,
      "recall": 0.7272727272727273,
      "f1": 0.6360294117647058
    },
    "auroc": 0.9090909090909091
  },
  "metrics_at_0p5": {
    "accuracy": 0.6363636363636364,
    "per_class": {
      "good": {
        "precision": 0.4782608695652174,
        "recall": 1.0,
        "f1": 0.6470588235294118,
        "support": 11
      },
      "defect": {
        "precision": 1.0,
        "recall": 0.45454545454545453,
        "f1": 0.625,
        "support": 22
      }
    },
    "macro": {
      "precision": 0.7391304347826086,
      "recall": 0.7272727272727273,
      "f1": 0.6360294117647058
    },
    "auroc": 0.9090909090909091
  },
  "timestamp": "2026-07-12T10:44:52"
}