{
  "run_name": "screw_baseline2__lodo_scratch_neck",
  "category": "screw",
  "config": {
    "run_name": "screw_baseline2",
    "category": "screw",
    "backbone": "resnet50",
    "traditional_aug": true,
    "use_synthetic": false,
    "few_shot_n": null,
    "epochs": 30,
    "batch_size": 32,
    "lr": 0.0001,
    "holdout_defect_type": "scratch_neck"
  },
  "device": "cuda",
  "epochs_run": 30,
  "best_val_auroc": 1.0,
  "threshold": 0.059689201414585114,
  "checkpoint": "experiments/checkpoints/screw_baseline2__lodo_scratch_neck.pt",
  "metrics": {
    "accuracy": 0.9565217391304348,
    "per_class": {
      "good": {
        "precision": 1.0,
        "recall": 0.9047619047619048,
        "f1": 0.95,
        "support": 21
      },
      "defect": {
        "precision": 0.9259259259259259,
        "recall": 1.0,
        "f1": 0.9615384615384616,
        "support": 25
      }
    },
    "macro": {
      "precision": 0.962962962962963,
      "recall": 0.9523809523809523,
      "f1": 0.9557692307692307
    },
    "auroc": 1.0
  },
  "metrics_at_0p5": {
    "accuracy": 0.8695652173913043,
    "per_class": {
      "good": {
        "precision": 0.7777777777777778,
        "recall": 1.0,
        "f1": 0.875,
        "support": 21
      },
      "defect": {
        "precision": 1.0,
        "recall": 0.76,
        "f1": 0.8636363636363636,
        "support": 25
      }
    },
    "macro": {
      "precision": 0.8888888888888888,
      "recall": 0.88,
      "f1": 0.8693181818181819
    },
    "auroc": 1.0
  },
  "timestamp": "2026-07-12T11:23:19"
}