{
  "run_name": "screw_ours__lodo_scratch_head",
  "category": "screw",
  "config": {
    "run_name": "screw_ours",
    "category": "screw",
    "backbone": "resnet50",
    "traditional_aug": true,
    "use_synthetic": true,
    "synthetic_dir": "data/synthetic/screw",
    "synthetic_n": "balance",
    "few_shot_n": null,
    "epochs": 30,
    "batch_size": 32,
    "lr": 0.0001,
    "holdout_defect_type": "scratch_head"
  },
  "device": "cuda",
  "epochs_run": 30,
  "best_val_auroc": 1.0,
  "threshold": 0.0002358731289859861,
  "checkpoint": "experiments/checkpoints/screw_ours__lodo_scratch_head.pt",
  "metrics": {
    "accuracy": 0.8888888888888888,
    "per_class": {
      "good": {
        "precision": 0.9444444444444444,
        "recall": 0.8095238095238095,
        "f1": 0.8717948717948718,
        "support": 21
      },
      "defect": {
        "precision": 0.8518518518518519,
        "recall": 0.9583333333333334,
        "f1": 0.9019607843137255,
        "support": 24
      }
    },
    "macro": {
      "precision": 0.8981481481481481,
      "recall": 0.8839285714285714,
      "f1": 0.8868778280542986
    },
    "auroc": 0.9484126984126985
  },
  "metrics_at_0p5": {
    "accuracy": 0.5333333333333333,
    "per_class": {
      "good": {
        "precision": 0.5,
        "recall": 1.0,
        "f1": 0.6666666666666666,
        "support": 21
      },
      "defect": {
        "precision": 1.0,
        "recall": 0.125,
        "f1": 0.2222222222222222,
        "support": 24
      }
    },
    "macro": {
      "precision": 0.75,
      "recall": 0.5625,
      "f1": 0.4444444444444444
    },
    "auroc": 0.9484126984126985
  },
  "timestamp": "2026-07-12T11:18:01"
}