{
  "run_name": "screw_baseline1__lodo_manipulated_front",
  "category": "screw",
  "config": {
    "run_name": "screw_baseline1",
    "category": "screw",
    "backbone": "resnet50",
    "traditional_aug": false,
    "use_synthetic": false,
    "few_shot_n": null,
    "epochs": 30,
    "batch_size": 32,
    "lr": 0.0001,
    "holdout_defect_type": "manipulated_front"
  },
  "device": "cuda",
  "epochs_run": 30,
  "best_val_auroc": 0.9979166666666667,
  "threshold": 0.00802349648438394,
  "checkpoint": "experiments/checkpoints/screw_baseline1__lodo_manipulated_front.pt",
  "metrics": {
    "accuracy": 0.7777777777777778,
    "per_class": {
      "good": {
        "precision": 0.72,
        "recall": 0.8571428571428571,
        "f1": 0.782608695652174,
        "support": 21
      },
      "defect": {
        "precision": 0.85,
        "recall": 0.7083333333333334,
        "f1": 0.7727272727272727,
        "support": 24
      }
    },
    "macro": {
      "precision": 0.7849999999999999,
      "recall": 0.7827380952380952,
      "f1": 0.7776679841897234
    },
    "auroc": 0.8353174603174603
  },
  "metrics_at_0p5": {
    "accuracy": 0.5333333333333333,
    "per_class": {
      "good": {
        "precision": 0.5,
        "recall": 1.0,
        "f1": 0.6666666666666666,
        "support": 21
      },
      "defect": {
        "precision": 1.0,
        "recall": 0.125,
        "f1": 0.2222222222222222,
        "support": 24
      }
    },
    "macro": {
      "precision": 0.75,
      "recall": 0.5625,
      "f1": 0.4444444444444444
    },
    "auroc": 0.8353174603174603
  },
  "timestamp": "2026-07-12T11:02:32"
}