{
  "run_name": "screw_baseline1__lodo_scratch_neck",
  "category": "screw",
  "config": {
    "run_name": "screw_baseline1",
    "category": "screw",
    "backbone": "resnet50",
    "traditional_aug": false,
    "use_synthetic": false,
    "few_shot_n": null,
    "epochs": 30,
    "batch_size": 32,
    "lr": 0.0001,
    "holdout_defect_type": "scratch_neck"
  },
  "device": "cuda",
  "epochs_run": 30,
  "best_val_auroc": 1.0,
  "threshold": 0.03633900452405214,
  "checkpoint": "experiments/checkpoints/screw_baseline1__lodo_scratch_neck.pt",
  "metrics": {
    "accuracy": 0.9565217391304348,
    "per_class": {
      "good": {
        "precision": 0.9130434782608695,
        "recall": 1.0,
        "f1": 0.9545454545454546,
        "support": 21
      },
      "defect": {
        "precision": 1.0,
        "recall": 0.92,
        "f1": 0.9583333333333334,
        "support": 25
      }
    },
    "macro": {
      "precision": 0.9565217391304348,
      "recall": 0.96,
      "f1": 0.956439393939394
    },
    "auroc": 0.9942857142857143
  },
  "metrics_at_0p5": {
    "accuracy": 0.782608695652174,
    "per_class": {
      "good": {
        "precision": 0.6774193548387096,
        "recall": 1.0,
        "f1": 0.8076923076923077,
        "support": 21
      },
      "defect": {
        "precision": 1.0,
        "recall": 0.6,
        "f1": 0.75,
        "support": 25
      }
    },
    "macro": {
      "precision": 0.8387096774193548,
      "recall": 0.8,
      "f1": 0.7788461538461539
    },
    "auroc": 0.9942857142857143
  },
  "timestamp": "2026-07-12T11:20:36"
}