{
  "run_name": "screw_baseline2__lodo_thread_side",
  "category": "screw",
  "config": {
    "run_name": "screw_baseline2",
    "category": "screw",
    "backbone": "resnet50",
    "traditional_aug": true,
    "use_synthetic": false,
    "few_shot_n": null,
    "epochs": 30,
    "batch_size": 32,
    "lr": 0.0001,
    "holdout_defect_type": "thread_side"
  },
  "device": "cuda",
  "epochs_run": 30,
  "best_val_auroc": 1.0,
  "threshold": 0.013212419115006924,
  "checkpoint": "experiments/checkpoints/screw_baseline2__lodo_thread_side.pt",
  "metrics": {
    "accuracy": 0.8636363636363636,
    "per_class": {
      "good": {
        "precision": 0.8571428571428571,
        "recall": 0.8571428571428571,
        "f1": 0.8571428571428571,
        "support": 21
      },
      "defect": {
        "precision": 0.8695652173913043,
        "recall": 0.8695652173913043,
        "f1": 0.8695652173913043,
        "support": 23
      }
    },
    "macro": {
      "precision": 0.8633540372670807,
      "recall": 0.8633540372670807,
      "f1": 0.8633540372670807
    },
    "auroc": 0.968944099378882
  },
  "metrics_at_0p5": {
    "accuracy": 0.7954545454545454,
    "per_class": {
      "good": {
        "precision": 0.7,
        "recall": 1.0,
        "f1": 0.8235294117647058,
        "support": 21
      },
      "defect": {
        "precision": 1.0,
        "recall": 0.6086956521739131,
        "f1": 0.7567567567567568,
        "support": 23
      }
    },
    "macro": {
      "precision": 0.85,
      "recall": 0.8043478260869565,
      "f1": 0.7901430842607313
    },
    "auroc": 0.968944099378882
  },
  "timestamp": "2026-07-12T11:32:23"
}