{
  "run_name": "screw_ours__lodo_thread_top",
  "category": "screw",
  "config": {
    "run_name": "screw_ours",
    "category": "screw",
    "backbone": "resnet50",
    "traditional_aug": true,
    "use_synthetic": true,
    "synthetic_dir": "data/synthetic/screw",
    "synthetic_n": "balance",
    "few_shot_n": null,
    "epochs": 30,
    "batch_size": 32,
    "lr": 0.0001,
    "holdout_defect_type": "thread_top"
  },
  "device": "cuda",
  "epochs_run": 30,
  "best_val_auroc": 1.0,
  "threshold": 0.0028179141227155924,
  "checkpoint": "experiments/checkpoints/screw_ours__lodo_thread_top.pt",
  "metrics": {
    "accuracy": 0.8636363636363636,
    "per_class": {
      "good": {
        "precision": 0.8571428571428571,
        "recall": 0.8571428571428571,
        "f1": 0.8571428571428571,
        "support": 21
      },
      "defect": {
        "precision": 0.8695652173913043,
        "recall": 0.8695652173913043,
        "f1": 0.8695652173913043,
        "support": 23
      }
    },
    "macro": {
      "precision": 0.8633540372670807,
      "recall": 0.8633540372670807,
      "f1": 0.8633540372670807
    },
    "auroc": 0.9565217391304348
  },
  "metrics_at_0p5": {
    "accuracy": 0.75,
    "per_class": {
      "good": {
        "precision": 0.65625,
        "recall": 1.0,
        "f1": 0.7924528301886793,
        "support": 21
      },
      "defect": {
        "precision": 1.0,
        "recall": 0.5217391304347826,
        "f1": 0.6857142857142857,
        "support": 23
      }
    },
    "macro": {
      "precision": 0.828125,
      "recall": 0.7608695652173914,
      "f1": 0.7390835579514825
    },
    "auroc": 0.9565217391304348
  },
  "timestamp": "2026-07-12T11:45:16"
}