{
  "run_name": "screw_baseline2__lodo_thread_top",
  "category": "screw",
  "config": {
    "run_name": "screw_baseline2",
    "category": "screw",
    "backbone": "resnet50",
    "traditional_aug": true,
    "use_synthetic": false,
    "few_shot_n": null,
    "epochs": 30,
    "batch_size": 32,
    "lr": 0.0001,
    "holdout_defect_type": "thread_top"
  },
  "device": "cuda",
  "epochs_run": 30,
  "best_val_auroc": 1.0,
  "threshold": 0.22278356924653053,
  "checkpoint": "experiments/checkpoints/screw_baseline2__lodo_thread_top.pt",
  "metrics": {
    "accuracy": 0.9090909090909091,
    "per_class": {
      "good": {
        "precision": 0.84,
        "recall": 1.0,
        "f1": 0.9130434782608695,
        "support": 21
      },
      "defect": {
        "precision": 1.0,
        "recall": 0.8260869565217391,
        "f1": 0.9047619047619048,
        "support": 23
      }
    },
    "macro": {
      "precision": 0.9199999999999999,
      "recall": 0.9130434782608696,
      "f1": 0.9089026915113871
    },
    "auroc": 0.9979296066252588
  },
  "metrics_at_0p5": {
    "accuracy": 0.7727272727272727,
    "per_class": {
      "good": {
        "precision": 0.6774193548387096,
        "recall": 1.0,
        "f1": 0.8076923076923077,
        "support": 21
      },
      "defect": {
        "precision": 1.0,
        "recall": 0.5652173913043478,
        "f1": 0.7222222222222222,
        "support": 23
      }
    },
    "macro": {
      "precision": 0.8387096774193548,
      "recall": 0.7826086956521738,
      "f1": 0.7649572649572649
    },
    "auroc": 0.9979296066252588
  },
  "timestamp": "2026-07-12T11:41:29"
}