{
  "run_name": "screw_baseline2__lodo_manipulated_front",
  "category": "screw",
  "config": {
    "run_name": "screw_baseline2",
    "category": "screw",
    "backbone": "resnet50",
    "traditional_aug": true,
    "use_synthetic": false,
    "few_shot_n": null,
    "epochs": 30,
    "batch_size": 32,
    "lr": 0.0001,
    "holdout_defect_type": "manipulated_front"
  },
  "device": "cuda",
  "epochs_run": 30,
  "best_val_auroc": 1.0,
  "threshold": 0.037846450693905354,
  "checkpoint": "experiments/checkpoints/screw_baseline2__lodo_manipulated_front.pt",
  "metrics": {
    "accuracy": 0.7333333333333333,
    "per_class": {
      "good": {
        "precision": 0.6451612903225806,
        "recall": 0.9523809523809523,
        "f1": 0.7692307692307693,
        "support": 21
      },
      "defect": {
        "precision": 0.9285714285714286,
        "recall": 0.5416666666666666,
        "f1": 0.6842105263157895,
        "support": 24
      }
    },
    "macro": {
      "precision": 0.7868663594470047,
      "recall": 0.7470238095238095,
      "f1": 0.7267206477732794
    },
    "auroc": 0.9226190476190476
  },
  "metrics_at_0p5": {
    "accuracy": 0.4666666666666667,
    "per_class": {
      "good": {
        "precision": 0.4666666666666667,
        "recall": 1.0,
        "f1": 0.6363636363636364,
        "support": 21
      },
      "defect": {
        "precision": 0.0,
        "recall": 0.0,
        "f1": 0.0,
        "support": 24
      }
    },
    "macro": {
      "precision": 0.23333333333333334,
      "recall": 0.5,
      "f1": 0.3181818181818182
    },
    "auroc": 0.9226190476190476
  },
  "timestamp": "2026-07-12T11:05:14"
}