{
  "run_name": "tile_baseline2__lodo_rough",
  "category": "tile",
  "config": {
    "run_name": "tile_baseline2",
    "category": "tile",
    "backbone": "resnet50",
    "traditional_aug": true,
    "use_synthetic": false,
    "few_shot_n": null,
    "epochs": 30,
    "batch_size": 32,
    "lr": 0.0001,
    "holdout_defect_type": "rough"
  },
  "device": "cuda",
  "epochs_run": 30,
  "best_val_auroc": 1.0,
  "threshold": 0.5135257067158818,
  "checkpoint": "experiments/checkpoints/tile_baseline2__lodo_rough.pt",
  "metrics": {
    "accuracy": 0.90625,
    "per_class": {
      "good": {
        "precision": 0.85,
        "recall": 1.0,
        "f1": 0.918918918918919,
        "support": 17
      },
      "defect": {
        "precision": 1.0,
        "recall": 0.8,
        "f1": 0.8888888888888888,
        "support": 15
      }
    },
    "macro": {
      "precision": 0.925,
      "recall": 0.9,
      "f1": 0.9039039039039038
    },
    "auroc": 1.0
  },
  "metrics_at_0p5": {
    "accuracy": 0.9375,
    "per_class": {
      "good": {
        "precision": 0.8947368421052632,
        "recall": 1.0,
        "f1": 0.9444444444444444,
        "support": 17
      },
      "defect": {
        "precision": 1.0,
        "recall": 0.8666666666666667,
        "f1": 0.9285714285714286,
        "support": 15
      }
    },
    "macro": {
      "precision": 0.9473684210526316,
      "recall": 0.9333333333333333,
      "f1": 0.9365079365079365
    },
    "auroc": 1.0
  },
  "timestamp": "2026-07-12T12:30:33"
}