{
  "run_name": "tile_baseline1__lodo_gray_stroke",
  "category": "tile",
  "config": {
    "run_name": "tile_baseline1",
    "category": "tile",
    "backbone": "resnet50",
    "traditional_aug": false,
    "use_synthetic": false,
    "few_shot_n": null,
    "epochs": 30,
    "batch_size": 32,
    "lr": 0.0001,
    "holdout_defect_type": "gray_stroke"
  },
  "device": "cuda",
  "epochs_run": 30,
  "best_val_auroc": 1.0,
  "threshold": 0.2327505499124527,
  "checkpoint": "experiments/checkpoints/tile_baseline1__lodo_gray_stroke.pt",
  "metrics": {
    "accuracy": 0.6060606060606061,
    "per_class": {
      "good": {
        "precision": 0.5666666666666667,
        "recall": 1.0,
        "f1": 0.723404255319149,
        "support": 17
      },
      "defect": {
        "precision": 1.0,
        "recall": 0.1875,
        "f1": 0.3157894736842105,
        "support": 16
      }
    },
    "macro": {
      "precision": 0.7833333333333333,
      "recall": 0.59375,
      "f1": 0.5195968645016797
    },
    "auroc": 0.9154411764705882
  },
  "metrics_at_0p5": {
    "accuracy": 0.5757575757575758,
    "per_class": {
      "good": {
        "precision": 0.5483870967741935,
        "recall": 1.0,
        "f1": 0.7083333333333334,
        "support": 17
      },
      "defect": {
        "precision": 1.0,
        "recall": 0.125,
        "f1": 0.2222222222222222,
        "support": 16
      }
    },
    "macro": {
      "precision": 0.7741935483870968,
      "recall": 0.5625,
      "f1": 0.4652777777777778
    },
    "auroc": 0.9154411764705882
  },
  "timestamp": "2026-07-12T12:07:17"
}