{
  "run_name": "tile_ours__lodo_gray_stroke",
  "category": "tile",
  "config": {
    "run_name": "tile_ours",
    "category": "tile",
    "backbone": "resnet50",
    "traditional_aug": true,
    "use_synthetic": true,
    "synthetic_dir": "data/synthetic/tile",
    "synthetic_n": "balance",
    "few_shot_n": null,
    "epochs": 30,
    "batch_size": 32,
    "lr": 0.0001,
    "holdout_defect_type": "gray_stroke"
  },
  "device": "cuda",
  "epochs_run": 30,
  "best_val_auroc": 1.0,
  "threshold": 0.5002404933329672,
  "checkpoint": "experiments/checkpoints/tile_ours__lodo_gray_stroke.pt",
  "metrics": {
    "accuracy": 0.5454545454545454,
    "per_class": {
      "good": {
        "precision": 0.53125,
        "recall": 1.0,
        "f1": 0.6938775510204082,
        "support": 17
      },
      "defect": {
        "precision": 1.0,
        "recall": 0.0625,
        "f1": 0.11764705882352941,
        "support": 16
      }
    },
    "macro": {
      "precision": 0.765625,
      "recall": 0.53125,
      "f1": 0.4057623049219688
    },
    "auroc": 0.9080882352941176
  },
  "metrics_at_0p5": {
    "accuracy": 0.5454545454545454,
    "per_class": {
      "good": {
        "precision": 0.53125,
        "recall": 1.0,
        "f1": 0.6938775510204082,
        "support": 17
      },
      "defect": {
        "precision": 1.0,
        "recall": 0.0625,
        "f1": 0.11764705882352941,
        "support": 16
      }
    },
    "macro": {
      "precision": 0.765625,
      "recall": 0.53125,
      "f1": 0.4057623049219688
    },
    "auroc": 0.9080882352941176
  },
  "timestamp": "2026-07-12T12:14:26"
}