{
  "run_name": "tile_baseline1__lodo_glue_strip",
  "category": "tile",
  "config": {
    "run_name": "tile_baseline1",
    "category": "tile",
    "backbone": "resnet50",
    "traditional_aug": false,
    "use_synthetic": false,
    "few_shot_n": null,
    "epochs": 30,
    "batch_size": 32,
    "lr": 0.0001,
    "holdout_defect_type": "glue_strip"
  },
  "device": "cuda",
  "epochs_run": 30,
  "best_val_auroc": 1.0,
  "threshold": 0.5511388778686523,
  "checkpoint": "experiments/checkpoints/tile_baseline1__lodo_glue_strip.pt",
  "metrics": {
    "accuracy": 0.8571428571428571,
    "per_class": {
      "good": {
        "precision": 0.7727272727272727,
        "recall": 1.0,
        "f1": 0.8717948717948718,
        "support": 17
      },
      "defect": {
        "precision": 1.0,
        "recall": 0.7222222222222222,
        "f1": 0.8387096774193549,
        "support": 18
      }
    },
    "macro": {
      "precision": 0.8863636363636364,
      "recall": 0.8611111111111112,
      "f1": 0.8552522746071134
    },
    "auroc": 0.9803921568627451
  },
  "metrics_at_0p5": {
    "accuracy": 0.8571428571428571,
    "per_class": {
      "good": {
        "precision": 0.7727272727272727,
        "recall": 1.0,
        "f1": 0.8717948717948718,
        "support": 17
      },
      "defect": {
        "precision": 1.0,
        "recall": 0.7222222222222222,
        "f1": 0.8387096774193549,
        "support": 18
      }
    },
    "macro": {
      "precision": 0.8863636363636364,
      "recall": 0.8611111111111112,
      "f1": 0.8552522746071134
    },
    "auroc": 0.9803921568627451
  },
  "timestamp": "2026-07-12T11:57:32"
}